{"cameraMode":{"drawMode":0,"name":"Shaded","section":"Shading Mode"},"sceneLighting":true,"audioPlay":false,"sceneViewState":{"m_AlwaysRefresh":false,"showFog":true,"showSkybox":true,"showFlares":true,"showImageEffects":true,"showParticleSystems":true,"showVisualEffectGraphs":true,"m_FxEnabled":true},"in2DMode":false,"pivot":{"x":0.0007262229919433594,"y":0.7400363087654114,"z":-0.141658753156662},"rotation":{"x":0.08174701035022736,"y":0.004748482257127762,"z":-0.001040223753079772,"w":0.9968723654747009},"size":2.2950141429901125,"orthographic":true}