{"cameraMode":{"drawMode":0,"name":"Shaded","section":"Shading Mode"},"sceneLighting":true,"audioPlay":false,"sceneViewState":{"m_AlwaysRefresh":false,"showFog":true,"showSkybox":true,"showFlares":true,"showImageEffects":true,"showParticleSystems":true,"showVisualEffectGraphs":true,"m_FxEnabled":true},"in2DMode":false,"pivot":{"x":-280.329833984375,"y":-460.72930908203127,"z":1.8240039348602296},"rotation":{"x":0.08768550306558609,"y":0.11686762422323227,"z":-0.010539927519857884,"w":0.9893079996109009},"size":3548.24951171875,"orthographic":true}