{"cameraMode":{"drawMode":0,"name":"Shaded","section":"Shading Mode"},"sceneLighting":true,"audioPlay":false,"sceneViewState":{"m_AlwaysRefresh":false,"showFog":true,"showSkybox":true,"showFlares":true,"showImageEffects":true,"showParticleSystems":true,"showVisualEffectGraphs":true,"m_FxEnabled":true},"in2DMode":false,"pivot":{"x":0.0007262229919433594,"y":0.7400363087654114,"z":-0.141658753156662},"rotation":{"x":0.21644750237464906,"y":0.6183393597602844,"z":-0.18345801532268525,"w":0.7332010865211487},"size":8.335699081420899,"orthographic":true}