{"cameraMode":{"drawMode":0,"name":"Shaded","section":"Shading Mode"},"sceneLighting":true,"audioPlay":false,"sceneViewState":{"m_AlwaysRefresh":false,"showFog":true,"showSkybox":true,"showFlares":true,"showImageEffects":true,"showParticleSystems":true,"showVisualEffectGraphs":true,"m_FxEnabled":true},"in2DMode":false,"pivot":{"x":5.82818603515625,"y":2.1542670726776125,"z":-9.907803535461426},"rotation":{"x":-0.32827460765838625,"y":-0.0010321164736524225,"z":0.000711108441464603,"w":-0.9447439312934876},"size":7.195003032684326,"orthographic":true}