{"cameraMode":{"drawMode":0,"name":"Shaded","section":"Shading Mode"},"sceneLighting":false,"audioPlay":false,"sceneViewState":{"m_AlwaysRefresh":false,"showFog":true,"showSkybox":false,"showFlares":true,"showImageEffects":true,"showParticleSystems":true,"showVisualEffectGraphs":true,"m_FxEnabled":true},"in2DMode":false,"pivot":{"x":0.3398117423057556,"y":0.793166995048523,"z":0.046092689037323},"rotation":{"x":-0.003005605423822999,"y":-0.9919009208679199,"z":0.12526577711105348,"w":-0.0238175205886364},"size":0.8660253882408142,"orthographic":true}