{"cameraMode":{"drawMode":0,"name":"Shaded","section":"Shading Mode"},"sceneLighting":false,"audioPlay":false,"sceneViewState":{"m_AlwaysRefresh":false,"showFog":true,"showSkybox":false,"showFlares":true,"showImageEffects":true,"showParticleSystems":true,"showVisualEffectGraphs":true,"m_FxEnabled":true},"in2DMode":false,"pivot":{"x":-0.06957255303859711,"y":0.016120005398988725,"z":0.0007635671645402908},"rotation":{"x":0.08206712454557419,"y":0.1418255865573883,"z":-0.011972571723163128,"w":0.9865044951438904},"size":0.1881961077451706,"orthographic":true}