{"cameraMode":{"drawMode":0,"name":"Shaded","section":"Shading Mode"},"sceneLighting":false,"audioPlay":false,"sceneViewState":{"m_AlwaysRefresh":false,"showFog":true,"showSkybox":false,"showFlares":true,"showImageEffects":true,"showParticleSystems":true,"showVisualEffectGraphs":true,"m_FxEnabled":true},"in2DMode":false,"pivot":{"x":-0.039771318435668948,"y":0.0135926753282547,"z":-7.996280670166016},"rotation":{"x":0.08206712454557419,"y":0.1418255865573883,"z":-0.011972571723163128,"w":0.9865044951438904},"size":1.026519536972046,"orthographic":true}